Class,Precision,Recall,F1 Score
Benchpress,0.7272727272727273,0.8,0.7619047619047619
Deadlift,0.8888888888888888,0.8,0.8421052631578947
Squat,0.9,0.9,0.9
