Class,Precision,Recall,F1 Score
Benchpress,0.6923076923076923,0.9,0.782608695652174
Deadlift,0.6666666666666666,0.8,0.7272727272727273
Squat,0.8,0.4,0.5333333333333333
