Class,Precision,Recall,F1 Score
Benchpress,0.8181818181818182,0.9,0.8571428571428571
Deadlift,0.8181818181818182,0.9,0.8571428571428571
Squat,0.875,0.7,0.7777777777777778
