Class,Precision,Recall,F1 Score
Benchpress,0.7142857142857143,1.0,0.8333333333333334
Deadlift,0.75,0.9,0.8181818181818182
Squat,1.0,0.4,0.5714285714285714
