Class,Precision,Recall,F1 Score
Benchpress,0.6666666666666666,0.6,0.631578947368421
Deadlift,0.7272727272727273,0.8,0.7619047619047619
Squat,0.8,0.8,0.8
