Class,Precision,Recall,F1 Score,Support
Dark,1.0,0.9655172413793104,0.9824561403508771,58
Green,1.0,1.0,1.0,68
Light,1.0,1.0,1.0,56
Medium,0.9655172413793104,1.0,0.9824561403508771,56
