Class,Precision,Recall,F1 Score
Benchpress,0.7272727272727273,0.8,0.7619047619047619
Deadlift,0.5714285714285714,0.8,0.6666666666666666
Squat,0.6,0.3,0.4
