Class,Precision,Recall,F1 Score
Benchpress,0.5294117647058824,0.9,0.6666666666666666
Deadlift,0.8888888888888888,0.8,0.8421052631578947
Squat,0.75,0.3,0.42857142857142855
