Class,Precision,Recall,F1 Score
Benchpress,0.7,0.7,0.7
Deadlift,0.8181818181818182,0.9,0.8571428571428571
Squat,0.6666666666666666,0.6,0.631578947368421
