Class,Precision,Recall,F1 Score
Benchpress,0.8,0.8,0.8
Deadlift,1.0,0.8,0.8888888888888888
Squat,0.8333333333333334,1.0,0.9090909090909091
