Class,Precision,Recall,F1 Score
Benchpress,0.6666666666666666,0.6,0.631578947368421
Deadlift,0.6153846153846154,0.8,0.6956521739130435
Squat,0.75,0.6,0.6666666666666666
