Class,Precision,Recall,F1 Score
Benchpress,0.6428571428571429,0.9,0.75
Deadlift,1.0,0.7,0.8235294117647058
Squat,0.7777777777777778,0.7,0.7368421052631579
