Class,Precision,Recall,F1 Score
Benchpress,0.6153846153846154,0.8,0.6956521739130435
Deadlift,0.7142857142857143,0.5,0.5882352941176471
Squat,0.7,0.7,0.7
