Class,Precision,Recall,F1 Score
Benchpress,0.75,0.9,0.8181818181818182
Deadlift,0.75,0.9,0.8181818181818182
Squat,0.8333333333333334,0.5,0.625
