Class,Precision,Recall,F1 Score,Support
Dark,0.7777777777777778,0.1206896551724138,0.208955223880597,58
Green,0.3,0.8382352941176471,0.4418604651162791,68
Light,0.6153846153846154,0.42857142857142855,0.5052631578947369,56
Medium,0.0,0.0,0.0,56
